{
  "attempt_id": "20260613T141449-06f7055c",
  "harness": "claude",
  "model": "sonnet",
  "tokens": 33973,
  "input_tokens": 57,
  "cached_tokens": 6626031,
  "cache_hit_rate": 0.99999139763915,
  "output_tokens": 33916,
  "cost_usd": 3.2877982999999995
}