{
  "attempt_id": "20260706T172410-a1989966",
  "harness": "claude",
  "model": "sonnet",
  "tokens": 26281,
  "input_tokens": 381,
  "cached_tokens": 2313574,
  "cache_hit_rate": 0.9998353468412307,
  "output_tokens": 25900,
  "cost_usd": 1.6660771999999997
}