{
  "attempt_id": "20260613T032926-475793a0",
  "harness": "claude",
  "model": "sonnet",
  "tokens": 1291,
  "input_tokens": 8,
  "cached_tokens": 205173,
  "cache_hit_rate": 0.9999610100350422,
  "output_tokens": 1283,
  "cost_usd": 0.17922190000000002
}