{
  "attempt_id": "20260611T153838-b3e4e6fd",
  "harness": "claude",
  "model": "sonnet",
  "tokens": 0,
  "input_tokens": 23,
  "cached_tokens": 1232924,
  "cache_hit_rate": 0.9999813455079578,
  "output_tokens": 8613,
  "cost_usd": 0.9503823999999998
}