{
  "attempt_id": "20260611T163737-c85fab9e",
  "harness": "claude",
  "model": "sonnet",
  "tokens": 0,
  "input_tokens": 25,
  "cached_tokens": 1269283,
  "cache_hit_rate": 0.9999803042287608,
  "output_tokens": 16012,
  "cost_usd": 1.4124966
}