{
  "attempt_id": "20260706T175058-b7e1f9e2",
  "harness": "claude",
  "model": "sonnet",
  "tokens": 30721,
  "input_tokens": 125,
  "cached_tokens": 5723764,
  "cache_hit_rate": 0.9999781617008995,
  "output_tokens": 30596,
  "cost_usd": 2.7829921999999994
}