{
  "attempt_id": "20260611T165824-64d45032",
  "harness": "claude",
  "model": "sonnet",
  "tokens": 0,
  "input_tokens": 3551,
  "cached_tokens": 4403321,
  "cache_hit_rate": 0.9991942130381822,
  "output_tokens": 25344,
  "cost_usd": 2.4232662999999994
}