{
  "attempt_id": "20260613T182003-febcc35b",
  "harness": "claude",
  "model": "sonnet",
  "tokens": 33231,
  "input_tokens": 23,
  "cached_tokens": 1661419,
  "cache_hit_rate": 0.9999861566037214,
  "output_tokens": 33208,
  "cost_usd": 1.4739717
}