{
  "attempt_id": "20260613T175936-a775155c",
  "harness": "claude",
  "model": "sonnet",
  "tokens": 36006,
  "input_tokens": 57,
  "cached_tokens": 6950547,
  "cache_hit_rate": 0.9999917992738473,
  "output_tokens": 35949,
  "cost_usd": 3.471242099999999
}