{
  "attempt_id": "20260613T143514-9a03a322",
  "harness": "claude",
  "model": "sonnet",
  "tokens": 38660,
  "input_tokens": 37,
  "cached_tokens": 4120817,
  "cache_hit_rate": 0.9999910212785991,
  "output_tokens": 38623,
  "cost_usd": 2.641227100000001
}