{
  "attempt_id": "20260613T153138-c02b224c",
  "harness": "claude",
  "model": "sonnet",
  "tokens": 44021,
  "input_tokens": 67,
  "cached_tokens": 7775631,
  "cache_hit_rate": 0.9999913834102097,
  "output_tokens": 43954,
  "cost_usd": 4.141035350000001
}