{
  "attempt_id": "20260613T191911-71885963",
  "harness": "claude",
  "model": "sonnet",
  "tokens": 30596,
  "input_tokens": 61,
  "cached_tokens": 6713041,
  "cache_hit_rate": 0.9999909132916497,
  "output_tokens": 30535,
  "cost_usd": 3.2884233000000007
}