{
  "attempt_id": "20260613T201858-36d3f406",
  "harness": "claude",
  "model": "sonnet",
  "tokens": 49421,
  "input_tokens": 18541,
  "cached_tokens": 2269064,
  "cache_hit_rate": 0.991895016840757,
  "output_tokens": 30880,
  "cost_usd": 1.7543022
}