{
  "attempt_id": "20260613T190623-7a7c178e",
  "harness": "claude",
  "model": "sonnet",
  "tokens": 13774,
  "input_tokens": 13,
  "cached_tokens": 644515,
  "cache_hit_rate": 0.9999798302013256,
  "output_tokens": 13761,
  "cost_usd": 0.7100335
}