{
  "attempt_id": "20260611T155837-019bee09",
  "harness": "claude",
  "model": "sonnet",
  "tokens": 0,
  "input_tokens": 82,
  "cached_tokens": 7946747,
  "cache_hit_rate": 0.9999896814188401,
  "output_tokens": 74859,
  "cost_usd": 5.250926300000003
}